{"text": " What's your ism? I'm K. Monday at Communications Coach and I want to help you find your ism. When I was young, a catiasm was a term used by my family when I got a word wrong. Now being dyslexic, this used to make me feel really embarrassed and I used to shy away from speaking up, afraid that I'd say another catiasm. If only I knew then that actually my ism was my quirk, my uniqueness and my superpower that would later become my career. I believe life is about finding our ism, the thing that makes us unique. And now these isms are often found in the stories we shy away from, but actually are ones that we should probably lean more into. I found my ism through my challenges, my journey and my story. Now let me help you find yours.", "segments": [{"id": 0, "seek": 0, "start": 0.0, "end": 5.84, "text": " What's your ism? I'm K. Monday at Communications Coach and I want to help you find your ism.", "tokens": [50364, 708, 311, 428, 307, 76, 30, 286, 478, 591, 13, 8138, 412, 38998, 17369, 293, 286, 528, 281, 854, 291, 915, 428, 307, 76, 13, 50656], "temperature": 0.0, "avg_logprob": -0.2629856866253309, "compression_ratio": 1.5963636363636364, "no_speech_prob": 0.09767325222492218}, {"id": 1, "seek": 0, "start": 5.84, "end": 10.0, "text": " When I was young, a catiasm was a term used by my family when I got a word wrong.", "tokens": [50656, 1133, 286, 390, 2037, 11, 257, 3857, 4609, 76, 390, 257, 1433, 1143, 538, 452, 1605, 562, 286, 658, 257, 1349, 2085, 13, 50864], "temperature": 0.0, "avg_logprob": -0.2629856866253309, "compression_ratio": 1.5963636363636364, "no_speech_prob": 0.09767325222492218}, {"id": 2, "seek": 0, "start": 10.0, "end": 15.68, "text": " Now being dyslexic, this used to make me feel really embarrassed and I used to shy away from speaking up,", "tokens": [50864, 823, 885, 15243, 2021, 299, 11, 341, 1143, 281, 652, 385, 841, 534, 16843, 293, 286, 1143, 281, 12685, 1314, 490, 4124, 493, 11, 51148], "temperature": 0.0, "avg_logprob": -0.2629856866253309, "compression_ratio": 1.5963636363636364, "no_speech_prob": 0.09767325222492218}, {"id": 3, "seek": 0, "start": 15.68, "end": 22.240000000000002, "text": " afraid that I'd say another catiasm. If only I knew then that actually my ism was my quirk,", "tokens": [51148, 4638, 300, 286, 1116, 584, 1071, 3857, 4609, 76, 13, 759, 787, 286, 2586, 550, 300, 767, 452, 307, 76, 390, 452, 421, 18610, 11, 51476], "temperature": 0.0, "avg_logprob": -0.2629856866253309, "compression_ratio": 1.5963636363636364, "no_speech_prob": 0.09767325222492218}, {"id": 4, "seek": 0, "start": 22.240000000000002, "end": 26.240000000000002, "text": " my uniqueness and my superpower that would later become my career.", "tokens": [51476, 452, 48294, 293, 452, 45765, 300, 576, 1780, 1813, 452, 3988, 13, 51676], "temperature": 0.0, "avg_logprob": -0.2629856866253309, "compression_ratio": 1.5963636363636364, "no_speech_prob": 0.09767325222492218}, {"id": 5, "seek": 2624, "start": 26.319999999999997, "end": 30.959999999999997, "text": " I believe life is about finding our ism, the thing that makes us unique.", "tokens": [50368, 286, 1697, 993, 307, 466, 5006, 527, 307, 76, 11, 264, 551, 300, 1669, 505, 3845, 13, 50600], "temperature": 0.0, "avg_logprob": -0.11094014855879772, "compression_ratio": 1.5153061224489797, "no_speech_prob": 0.0010522255906835198}, {"id": 6, "seek": 2624, "start": 30.959999999999997, "end": 35.12, "text": " And now these isms are often found in the stories we shy away from,", "tokens": [50600, 400, 586, 613, 307, 2592, 366, 2049, 1352, 294, 264, 3676, 321, 12685, 1314, 490, 11, 50808], "temperature": 0.0, "avg_logprob": -0.11094014855879772, "compression_ratio": 1.5153061224489797, "no_speech_prob": 0.0010522255906835198}, {"id": 7, "seek": 2624, "start": 35.12, "end": 38.64, "text": " but actually are ones that we should probably lean more into.", "tokens": [50808, 457, 767, 366, 2306, 300, 321, 820, 1391, 11659, 544, 666, 13, 50984], "temperature": 0.0, "avg_logprob": -0.11094014855879772, "compression_ratio": 1.5153061224489797, "no_speech_prob": 0.0010522255906835198}, {"id": 8, "seek": 2624, "start": 38.64, "end": 42.959999999999994, "text": " I found my ism through my challenges, my journey and my story.", "tokens": [50984, 286, 1352, 452, 307, 76, 807, 452, 4759, 11, 452, 4671, 293, 452, 1657, 13, 51200], "temperature": 0.0, "avg_logprob": -0.11094014855879772, "compression_ratio": 1.5153061224489797, "no_speech_prob": 0.0010522255906835198}, {"id": 9, "seek": 2624, "start": 42.959999999999994, "end": 45.2, "text": " Now let me help you find yours.", "tokens": [51200, 823, 718, 385, 854, 291, 915, 6342, 13, 51312], "temperature": 0.0, "avg_logprob": -0.11094014855879772, "compression_ratio": 1.5153061224489797, "no_speech_prob": 0.0010522255906835198}], "language": "en"}